<?xml version="1.0" encoding="utf-8"?>
<addon id="script.module.js2py" name="js2py" version="0.75.1" provider-name="Piotr Dabkowski">
	<requires>
		<import addon="script.module.tzlocal" version="1.2"/>
		<import addon="script.module.six" version="1.10"/>
		<import addon="script.module.pyjsparser" version="2.5.1"/>
	</requires>
	<extension point="xbmc.python.module" library="lib"/>
	<extension point="xbmc.addon.metadata">
		<summary lang="en_GB">JavaScript to Python Translator &amp; JavaScript interpreter written in 100% pure Python.</summary>
		<description lang="en_GB">Packed for KODI from https://pypi.org/project/js2py/</description>
		<platform>all</platform>
		<language/>
		<license>MIT</license>
		<forum/>
		<website/>
		<source>https://github.com/PiotrDabkowski/Js2Py</source>
		<email/>
		<assets>
			<icon>resources/icon.png</icon>
		</assets>
	</extension>
</addon>