{
  "active": true,
  "find_videos": {
    "ignore_urls": [],
    "patterns": [
      {
        "pattern": "(https://(?:www.|)(?:0dayporn|severeporn|3movs|xtits|sleazyneasy|babestube|wankoz|vikiporn|katestube|pornomovies|lesbian8|pornsexer|pornmega|xxxymovies|pornestro|exoav|fapcat|pornmeka|deviants).(?:com|\\w{2,4})/video(?:s|)/[0-9]+/[A-z0-9-]+(?:/|))",
        "url": "\\1"
      },
      {
        "pattern": "(https://(?:www.|v.|)(?:fetishshrine|javbangers|fapnado|xozilla|camwhoresbay|pornrewind|megatube|zbporn|momvids|wankoz|4kporn|freeporn8|porndictator|fapster|rat|pornwhite|pornicom|hqbang|homemade|ebony8|bobs-tuber|pornditt|filtercams).(?:com|xxx)/(?:video|videos)/[0-9]+/[A-z0-9-]+(?:/|))",
        "url": "\\1"
      },
      {
        "pattern": "(https://(?:www.|)(?:shooshtime|love4porn|submityourflicks|freehardcore|moviesand|interracial|feetporno|chubbyporn|cartoonporn|trannylime|gotgayporn|myporntape|bigtitslust|amateur8|thepornarea|motherporno|heroero).com/videos/[0-9]+/[A-z0-9-]+(?:/|))",
        "url": "\\1"
      },
      {
        "pattern": "(https://(?:www.|)(?:ballzdeep|pornxpert|hoes|bigtitslust|mondetube|watchporn|faapy|pornvase|sortporn|4wank|porncaper|camstreams|celebsroulette|pornve).(?:com|xxx|tube|to|tv)/video(?:s|)/[0-9]+/[A-z0-9-]+(?:/|))",
        "url": "\\1"
      },
      {
        "pattern": "(https://(?:www.|)(?:vipporns|porngem|frprn|shameless).com/(?:video|videos|clips|free-porns)/[A-z0-9-]+(?:/|))",
        "url": "\\1"
      },
      {
        "pattern": "(https://www.analdin.com/es/videos/[0-9]+/[A-z0-9-]+(?:/|))",
        "url": "\\1"
      },
      {
        "pattern": "(https://www.inxxx.com/v/[A-z0-9-.]+(?:/|))",
        "url": "\\1"
      },
      {
        "pattern": "(https://trahkino.(?:cc|me)/(?:embed|video)/[0-9]+(?:/|))",
        "url": "\\1"
      },
      {
        "pattern": "(https://onlineporno.cc/video[0-9]+(?:/|))",
        "url": "\\1"
      },
      {
        "pattern": "(https://familyporn.tv/video(?:s|)/[A-z0-9-]+(?:/|))",
        "url": "\\1"
      },
      {
        "pattern": "(https://porngrey.com/video/[A-z0-9-]+(?:/|))",
        "url": "\\1"
      },
      {
        "pattern": "(https://(?:www.|)(?:severeporn|anon-v|myporntape).com/embed/\\w+)",
        "url": "\\1"
      },
      {
        "pattern": "(http(?:s|)://(?:www.|)(?:camwhores|camwhorescloud|camwhoreshd|lesbianbliss|goodporn|porntrex|tonicporn|whoreshub).(?:tv|com|org|to|lol)/video(?:s|)/[0-9]+/[A-z0-9-]+(?:/|))",
        "url": "\\1"
      },
      {
        "pattern": "(http(?:s|)://www.(?:camwhores|camwhoreshd|camvideos|cwtvembeds|lesbianbliss).(?:tv|com|org)/embed/[A-z0-9-]+(?:/|))",
        "url": "\\1"
      },
      {
        "pattern": "(http(?:s|)://(?:www.|)(?:ezporn|fullporno|pornwex|cremz|4wank|xxam|faptor|crazyporn).(?:tv|com|org|to|lol|xxx)/video(?:s|)/[0-9]+/[A-z0-9-]+(?:/|))",
        "url": "\\1"
      },
      {
        "pattern": "((?:http|https)://(?:www.|)(?:datoporn|tubedupe).(?:co|com)/video(?:s|)/([0-9]+)/[A-z0-9-]+(?:/|))",
        "url": "\\1"
      },
      {
        "pattern": "((?:http|https)://(?:www.|)datoporn.(?:co|com)/embed-[A-z0-9]+.html)",
        "url": "\\1"
      },
      {
        "pattern": "(https://(?:www.|my.|)(?:porn00|xmegadrive|uiporn|pornhat|hobby).(?:org|tv|com|porn)/video(?:s|)/[A-z0-9-]+(?:/|))",
        "url": "\\1"
      },
      {
        "pattern": "(https://www.theyarehuge.com/v/[A-z0-9-.]+(?:/|))",
        "url": "\\1"
      },
      {
        "pattern": "(https://pornox.hu/porno/[0-9]+/[A-z0-9-.]+(?:/|))",
        "url": "\\1"
      },
      {
        "pattern": "https://www.((?:bigtitslust|analdin|xozilla|amateur8|sleazyneasy|babestube)).com/embed/([0-9]+(?:/|))",
        "url": "https://www.\\1.com/videos/\\2/a/"
      },
      {
        "pattern": "https://www.((?:uiporn|porngem)).com/embed/([0-9]+(?:/|))",
        "url": "https://www.\\1.com/videos/a-\\2/"
      },
      {
        "pattern": "(https://www.porntrex.com/embed/[0-9]+(?:/|))",
        "url": "\\1"
      },
      {
        "pattern": "(https://www.bigwank.com/embed/[0-9]+/[A-z0-9-.]+(?:/|))",
        "url": "\\1"
      },
      {
        "pattern": "https://fapster.xxx/embed/([0-9]+(?:/|))",
        "url": "https://fapster.xxx/videos/\\1/a/"
      },
      {
        "pattern": "https://((?:4kporn|hoes|crazyporn).(?:xxx|tube))/embed/([0-9]+(?:/|))",
        "url": "https://\\1/videos/\\2/a/"
      },
      {
        "pattern": "https://frprn.com/embed/([0-9]+(?:/|))",
        "url": "https://frprn.com/videos/\\1/"
      },
      {
        "pattern": "(https://(?:www.|)(?:ok|perfectgirls|pornstars).(?:xxx|tube)/video(?:s|)/[0-9]+(?:/|))",
        "url": "\\1"
      },
      {
        "pattern": "(http(?:s|)://(?:www.|)(?:cambro|camvideos|alotporn).(?:tv|com)/[0-9]+/[A-z0-9-]+(?:/|))",
        "url": "\\1"
      },
      {
        "pattern": "(https://www.fpo.xxx/videos/[0-9]+/[A-z0-9-.]+(?:/|))",
        "url": "\\1"
      },
      {
        "pattern": "(https://www.(?:tabooporn|teenpornvideo).(?:tv|sex)/videos/[0-9]+/[A-z0-9-]+(?:/|))",
        "url": "\\1"
      },
      {
        "pattern": "(https://max.porn/videos/[0-9]+/[A-z0-9-]+(?:/|))",
        "url": "\\1"
      },
      {
        "pattern": "(https://(?:es.|)(?:hello|3prn|xxxi|rusoska).(?:porn|com)/video(?:s|)/[0-9]+(?:/|))",
        "url": "\\1"
      },
      {
        "pattern": "(https://www.pervclips.com/tube/videos/[A-z0-9-]+(?:/|))",
        "url": "\\1"
      },
      {
        "pattern": "(https://www.(?:crockotube|tube-bunny).com/watch/[A-z0-9-]+(?:/|))",
        "url": "\\1"
      },
      {
        "pattern": "(?:http|https)://www.sexvid.xxx/([A-z0-9-]+.html)",
        "url": "https://www.sexvid.xxx/\\1"
      },
      {
        "pattern": "(https://freshporno.net/(?:videos|embed)/[A-z0-9-]+(?:/|))",
        "url": "\\1"
      },
      {
        "pattern": "(https://pornwild.to(?:/es|)/embed/\\w+(?:/|))",
        "url": "\\1"
      },
      {
        "pattern": "(https://(?:www.|)(?:pornestro|love4porn).com/embed/[0-9]+(?:/|))",
        "url": "\\1"
      },
      {
        "pattern": "https://mangovideo(?:TTTT|).(?:pw|club)/(?:embed|videos)/(\\d+)",
        "url": "https://mangovideo.pw/embed/\\1"
      },
      {
        "pattern": "(https://watch-my-gf.com/view(?:_|-)video.php\\?v\\=[0-9]+)",
        "url": "\\1"
      },
      {
        "pattern": "(https://onlineporno.cc/(?:video|embed/)[0-9]+)(?:/|)",
        "url": "\\1"
      },
      {
        "pattern": "(https://tittykings.com/videos/[A-z0-9-]+(?:/|))",
        "url": "\\1"
      },
      {
        "pattern": "(https://www.(?:tabootube|nubilefilm).xxx/[A-z0-9-]+)(?:/|)",
        "url": "\\1"
      },
      {
        "pattern": "(https://area51.porn/view/[0-9-]+/[A-z0-9-]+(?:/|))",
        "url": "\\1"
      },
      {
        "pattern": "(https://xcafe.com/[0-9]+/)",
        "url": "\\1"
      },
      {
        "pattern": "(https://pornwild.(?:to|com)(?:/es|)/videos/[0-9]+/[A-z0-9-]+(?:/|))",
        "url": "\\1"
      }
      ]
  },
  "free": true,
  "id": "ktp",
  "name": "ktp",
  "settings": [
    {
      "default": false,
      "enabled": true,
      "id": "black_list",
      "label": "@60654",
      "type": "bool",
      "visible": true
    },
    {
      "default": 0,
      "enabled": true,
      "id": "favorites_servers_list",
      "label": "@60655",
      "lvalues": [
        "No",
        "1",
        "2",
        "3",
        "4",
        "5"
      ],
      "type": "list",
      "visible": false
    }
  ],
  "thumbnail": ""
}
