{
  "active": true,
  "find_videos": {
    "ignore_urls": [],
    "patterns": [
      {
        "pattern": "https://(?:luluvdo|lulustream|lulu|lulu0).(?:com|\\w{2,4})/(?:e|d)/([A-z0-9]+)",
        "url": "https://lulustream.com/e/\\1"
      }
    ]
  },
  "free": true,
  "id": "lulustream",
  "name": "lulustream",
  "settings": [
    {
      "default": false,
      "enabled": true,
      "id": "black_list",
      "label": "@60654",
      "type": "bool",
      "visible": true
    },
    {
      "default": 0,
      "enabled": true,
      "id": "favorites_servers_list",
      "label": "@60655",
      "lvalues": [
        "No",
        "1",
        "2",
        "3",
        "4",
        "5"
      ],
      "type": "list",
      "visible": false
    }
  ],
  "thumbnail": "https://i.postimg.cc/2yjH4qgK/lulustream.png"
}
