{
  "active": true,
  "find_videos": {
    "ignore_urls": [],
    "patterns": [
      {
        "pattern": "https://vidhide(?:pro|pre|vip|plus|).com/(?:f|v|embed|d|file)/([A-z0-9]+)",
        "url": "https://vidhidevip.com/v/\\1"
      },
      {
        "pattern": "(https://stblion.xyz/(?:f|v|embed|d|file)/[A-z0-9]+(:?\\|Referer=[A-z0-9./:]+))",
        "url": "\\1"
      }
    ]
  },
  "free": true,
  "id": "vidhidepro",
  "name": "vidhidepro",
  "settings": [
    {
      "default": false,
      "enabled": true,
      "id": "black_list",
      "label": "@60654",
      "type": "bool",
      "visible": true
    },
    {
      "default": 0,
      "enabled": true,
      "id": "favorites_servers_list",
      "label": "@60655",
      "lvalues": [
        "No",
        "1",
        "2",
        "3",
        "4",
        "5"
      ],
      "type": "list",
      "visible": false
    }
  ],
  "thumbnail": "https://i.postimg.cc/MGwqD87f/vidhidepro.png"
}
