{
  "active": true,
  "find_videos": {
    "ignore_urls": [],
    "patterns": [
      {
        "pattern": "(https://(?:www.|)bravoporn.com/videos/[0-9]+/)",
        "url": "\\1"
      },
      {
        "pattern": "(http(?:s|)://(?:www.|)perfectgirls.net/gal/[0-9]+/[A-z0-9-]+)",
        "url": "\\1"
      },
      {
        "pattern": "((?:www.|)(?:pornone|xbabe|cumlouder).com/(?:es/|)embed/[0-9-]+)",
        "url": "https://\\1"
      },
      {
        "pattern": "(https://(?:www.|)bravotube.net/videos/[A-z0-9-]+/)",
        "url": "\\1"
      },
      {
        "pattern": "(https://(?:www.|)(?:porngo|porncake|pornpapa|xxxfiles|fapguru|veryfreeporn|porntry|titshub|bigwank|mylust).(?:com|tv)/videos/[0-9]+/[A-z0-9-]+(?:/|))",
        "url": "\\1/"
      },
      {
        "pattern": "(http(?:s|)://(?:www.|)(?:fuckamouth|hd-porn|freehdporn|thehdporn).(?:com|co|xyz|ru)/hdporn/[0-9]+/[A-z0-9-]+(?:/|))",
        "url": "\\1"
      },
      {
        "pattern": "(https://(?:www.|)(?:freeuseporn|pornharlot).com/video/[0-9]+/[A-z0-9-]+(?:/|))",
        "url": "\\1"
      },
      {
        "pattern": "(https://(?:www.|)redporn.porn/[0-9]+)",
        "url": "\\1"
      },
      {
        "pattern": "(https://es.anyporn.com/[0-9]+/)",
        "url": "\\1"
      },
      {
        "pattern": "(https://(?:www.|)alphaporno.com/videos/[A-z0-9-]+/)",
        "url": "\\1"
      },
      {
        "pattern": "(https://(?:www.|)(?:xfreehd|tubewolf|sextvx|pornxp|sxyprnxxx).(?:com|net)/(?:es/|)(?:video|videos|embed)/[0-9]+(?:/|))",
        "url": "\\1"
      },
      {
        "pattern": "(https://(?:www.|)(?:xbabe|crocotube|pinflix).com/videos/[A-z0-9-]+/)",
        "url": "\\1"
      },
      {
        "pattern": "(https://(?:www.|)xcum.com/v/[0-9-]+/)",
        "url": "\\1"
      },
      {
        "pattern": "(https://(?:www.|)streamdav.com/(?:e|v)/[A-z0-9-]+)",
        "url": "\\1"
      },
      {
        "pattern": "(https://(?:www.|)sex3.com/[0-9-]+/)",
        "url": "\\1"
      },
      {
        "pattern": "(https://(?:www.|)ok.xxx/video/[0-9-]+/)",
        "url": "\\1"
      },
      {
        "pattern": "(https://(?:www.|)(?:tubewolf|flyflv).com/movies/[A-z0-9-]+(?:/|))",
        "url": "\\1"
      },
      {
        "pattern": "(https://(?:www.|)pornone.com/[A-z0-9-]+/[A-z0-9-]+/[0-9]+(?:/|))",
        "url": "\\1"
      },
      {
        "pattern": "(https://(?:www.|)pvideo.(?:nl|cz)/[A-z0-9-]+(?:/|))",
        "url": "\\1"
      },
      {
        "pattern": "https://(?:www.|)pornheed.com/(?:video|embed)/([0-9]+)",
        "url": "https://www.pornheed.com/embed/\\1"
      },
      {
        "pattern": "https://(?:www.|)celebsnudeworld.com/([0-9]+)",
        "url": "https://celebsnudeworld.com/embed/\\1"
      },
      {
        "pattern": "(https://(?:www.|)(?:anysex|fapality).com/[0-9]+/)",
        "url": "\\1"
      },
      {
        "pattern": "https://(?:www.|)((?:12milf|allnporn|hitprn)).com/([A-z0-9-]+/)",
        "url": "https://www.\\1.com/\\2"
      },
      {
        "pattern": "(https://(?:www.|)cumlouder.com/(?:es/|)(?:porn-video|videos)/[A-z0-9-]+/)",
        "url": "\\1"
      },
      {
        "pattern": "(https://(?:www.|)dirtyship.com/[A-z0-9-]+/)",
        "url": "\\1"
      },      {
        "pattern": "(https://(?:www.|)porndrake.com/pornvideo/[A-z0-9-]+/)",
        "url": "\\1"
      },
      {
        "pattern": "(https://(?:www.|)(?:collectionofbestporn|xerotica|sexvr).com/video/[A-z0-9-]+.html)",
        "url": "\\1"
      },
      {
        "pattern": "(https://(?:www.|)hellporno.com/(?:videos|embed)/[A-z0-9-]+)",
        "url": "\\1"
      },
      {
        "pattern": "(https://(?:www.|)pornez.net/player/\\?v=[A-z0-9-]+)",
        "url": "\\1"
      },
      {
        "pattern": "(https://(?:www.|)private.com/scene/[A-z0-9-]+/[0-9]+)",
        "url": "\\1"
      },
      {
        "pattern": "((?:www.|)xgroovy.com/videos/[0-9]+)",
        "url": "https://\\1/a"
      },
      {
        "pattern": "(https://(?:www.|)(?:pornworms|zigtube).com/[0-9]+/[A-z0-9-]+/)",
        "url": "\\1"
      },
      {
        "pattern": "((?:www.|)okporn.xxx/v/[0-9]+)",
        "url": "https://\\1"
      },
      {
        "pattern": "(https://(?:www.|)jizzberry.com/(?:vids|video|videos)/[0-9]+/[A-z0-9-]+(?:/|))",
        "url": "\\1"
      },
      {
        "pattern": "(https:/(?:www.|)/playenix.com/(?:embed|watch)/[A-z0-9-_]+(?:.html|))",
        "url": "\\1"
      },
      {
        "pattern": "(https://(?:www.|)xxxshake.com/videos/[0-9]+/[A-z0-9-]+)",
        "url": "\\1"
      }
    ]
  },
  "free": true,
  "id": "bravoporn",
  "name": "bravoporn",
  "settings": [
    {
      "default": false,
      "enabled": true,
      "id": "black_list",
      "label": "@60654",
      "type": "bool",
      "visible": true
    },
    {
      "default": 0,
      "enabled": true,
      "id": "favorites_servers_list",
      "label": "@60655",
      "lvalues": [
        "No",
        "1",
        "2",
        "3",
        "4",
        "5"
      ],
      "type": "list",
      "visible": false
    }
  ],
  "thumbnail": ""
}
