{
  "active": true,
  "find_videos": {
    "ignore_urls": [],
    "patterns": [
      {
        "pattern": "https://(?:streamwish|embedwish|wishfast|playerwish|sfastwish|wishembed|cdnwish|obeywish|flastwish|jodwish|swdyu|strwish|swhoi|jwplayerhls|wishonly|cdnstream|playerwish).(?:\\w{2,4})/+(?:e/+|)([A-z0-9]+(:?\\|Referer=[A-z0-9./:\\?]+|))",
        "url": "https://streamwish.to/e/\\1"
      }
    ]
  },
  "free": true,
  "id": {
    "value": [
      "streamwish"
    ]
  },
  "name": "streamwish",
  "settings": [
    {
      "default": false,
      "enabled": true,
      "id": "black_list",
      "label": "@60654",
      "type": "bool",
      "visible": true
    },
    {
      "default": 0,
      "enabled": true,
      "id": "favorites_servers_list",
      "label": "@60655",
      "lvalues": [
        "No",
        "1",
        "2",
        "3",
        "4",
        "5"
      ],
      "type": "list",
      "visible": false
    }
  ],
  "thumbnail": "https://streamwish.com/wish/images/streamwish123.png"
}
