{
  "active": true,
  "find_videos": {
    "ignore_urls": [],
    "patterns": [
      {
        "pattern": "http(?:s|)://dood(?:stream|s|).(?:watch|to|so|com|cx|la|ws|sh|pm|wf|re|yt|pro)/(?:e|d)/([a-z0-9#]+)",
        "url": "https://d0000d.com/e/\\1"
      },
      {
        "pattern": "http(?:s|)://(?:dooood|ds2play|d0o0d|do0od|d0000d|d000d|ds2video).(?:watch|to|so|com|cx|la|ws|sh|pm|wf|re|yt)/(?:e|d)/([a-z0-9#]+)",
        "url": "https://d0000d.com/e/\\1"
      }
    ]
  },
  "free": true,
  "id": "doodstream",
  "name": "doodstream",
  "settings": [
    {
      "default": false,
      "enabled": true,
      "id": "black_list",
      "label": "@60654",
      "type": "bool",
      "visible": true
    },
    {
      "default": 0,
      "enabled": true,
      "id": "favorites_servers_list",
      "label": "@60655",
      "lvalues": [
        "No",
        "1",
        "2",
        "3",
        "4",
        "5"
      ],
      "type": "list",
      "visible": false
    }
  ],
  "thumbnail": "https://i.postimg.cc/vTbw1YRM/doodstream.png"
}
