{
  "active": true,
  "find_videos": {
    "ignore_urls": [],
    "patterns": [
      {
        "pattern": "https://tiwi.kiwi/embed-([a-z0-9]+).html",
        "url": "https://tiwi.kiwi/embed-\\1.html"
      },
      {
        "pattern": "(https://filemoon.(?:sx|to|in|top|nl)/(?:e|d)/[a-z0-9]+)",
        "url": "\\1"
      },
      {
        "pattern": "https://x08.(?:online||\\w{2,4})/(?:e|d)/([a-z0-9]+)",
        "url": "https://filemoon.to/e/\\1"
      },
      {
        "pattern": "(https://(?:filelions|fviplions|azipcdn).(?:sx|to|in|live|online|com|live|top|site)/(?:e|d|v|f)/[a-z0-9]+)",
        "url": "\\1"
      },
      {
        "pattern": "(https://(?:luluvdo|lulustream|videohb).(?:com|net)/(?:e|d|v)/[a-z0-9]+)",
        "url": "\\1"
      },
      {
        "pattern": "https://vidello.net/(?:embed-|)([a-z0-9]+.html)",
        "url": "https://vidello.net/\\1"
      },
      {
        "pattern": "https://pbflux.com/(?:embed-|)([a-z0-9]+.html)",
        "url": "https://pbflux.com/\\1"
      },      {
        "pattern": "https://vtbe.to/(?:embed-|)([a-z0-9]+.html)",
        "url": "https://vtbe.to/\\1"
      },
      {
        "pattern": "https://vtbe.to/embed-d/([a-z0-9]+)",
        "url": "https://vtbe.to/\\1.html"
      },
      {
        "pattern": "(https://doodporn.xyz/(?:e|d)/[a-z0-9]+)",
        "url": "\\1"
      }
    ]
  },
  "free": true,
  "id": "tiwikiwi",
  "name": "tiwikiwi",
  "settings": [
    {
      "default": false,
      "enabled": true,
      "id": "black_list",
      "label": "@60654",
      "type": "bool",
      "visible": true
    },
    {
      "default": 0,
      "enabled": true,
      "id": "favorites_servers_list",
      "label": "@60655",
      "lvalues": [
        "No",
        "1",
        "2",
        "3",
        "4",
        "5"
      ],
      "type": "list",
      "visible": false
    }
  ],
  "thumbnail": "https://i.postimg.cc/CxdyWRcN/tiwikiwi.png"
}