{
  "id": "asialiveaction",
  "name": "Asialiveaction",
  "active": false,
  "adult": false,
  "language": ["cast", "lat"],
  "thumbnail": "https://i.postimg.cc/bZHzFzyC/asialiveaction.png",
  "banner": "https://imgur.com/B1IOAu4.png",
  "fanart": "",
  "categories": [
    "movie",
    "tvshow",
    "vos"
  ],
  "settings": [
    {
      "id": "include_in_global_search",
      "type": "bool",
      "label": "Incluir en busqueda global",
      "default": true,
      "enabled": true,
      "visible": true
    }
  ]
}
