{
  "id": "dilo",
  "name": "Dilo",
  "active": false,
  "adult": false,
  "language": ["cast", "lat"],
  "thumbnail": "https://s22.postimg.cc/u6efsniqp/dilo.png",
  "banner": "",
  "fanart": "",
  "categories": [
    "tvshow",
    "vos"
  ],
  "settings": [
    {
      "id": "include_in_global_search",
      "type": "bool",
      "label": "Incluir en busqueda global",
      "default": true,
      "enabled": false,
      "visible": false
    },
    {
      "id": "filter_languages",
      "type": "list",
      "label": "Mostrar enlaces en idioma...",
      "default": 0,
      "enabled": true,
      "visible": true,
      "lvalues": [
        "No filtrar",
        "CAST",
        "LAT",
        "VOSE"
      ]
    }
  ]
}
