{
  "id": "pelismaraton",
  "name": "PelisMaraton",
  "active": true,
  "adult": false,
  "language": ["lat", "cast", "vose"],
  "thumbnail": "https://i.postimg.cc/sDMZyMmm/pelismaraton.png",
  "banner": "",
  "fanart": "",
  "categories": [
    "movie",
    "vos"
  ],
  "force_unify": true,
  "settings": [
    {
      "id": "include_in_global_search",
      "type": "bool",
      "label": "Incluir en busqueda global",
      "default": true,
      "enabled": false,
      "visible": true
    },
    {
      "id": "filter_languages",
      "type": "list",
      "label": "Mostrar enlaces en idioma...",
      "default": 0,
      "enabled": true,
      "visible": true,
      "lvalues": [
        "No filtrar",
        "LAT",
        "CAST",
        "VOSE"
      ]
    },
    {
      "id": "include_in_newest_infantiles",
      "type": "bool",
      "label": "Incluir en Novedades - Películas",
      "default": true,
      "enabled": true,
      "visible": true
    },
    {
      "id": "include_in_newest_terror",
      "type": "bool",
      "label": "Incluir en Novedades - Terror",
      "default": true,
      "enabled": true,
      "visible": true
    },
    {
      "id": "include_in_newest_peliculas",
      "type": "bool",
      "label": "Incluir en Novedades - Películas",
      "default": true,
      "enabled": true,
      "visible": true
    }
  ]
}
