<?xml version="1.0" encoding="UTF-8" standalone="yes"?>
<addon id="script.module.futures"
       name="futures"
       version="0.0.1"
       provider-name="Alfa Addon">
  <requires>
    <import addon="xbmc.python" version="3.0.0"/>
  </requires>
  <extension point="xbmc.python.module"
             library="lib"/>
  <extension point="xbmc.addon.metadata">
    <summary>A futures stub. It doesn't provide anything</summary>
    <description>Empty library. For Python 2 compatiblity.</description>
    <platform>all</platform>
    <license>BSD</license>
    <source>https://code.google.com/p/pythonfutures/source/browse</source>
    <website>https://code.google.com/p/pythonfutures</website>
  </extension>
</addon>
