{
  "active": true,
  "find_videos": {
    "ignore_urls": [],
    "patterns": [
      {
        "pattern": "(https://(?:bestwish|bestb|streamup|strmup).(?:stream|\\w{2,4}))/([A-z0-9-]+)",
        "url": "https://bestb.stream/data.php?filecode=\\2|\\1"
      }
    ]
  },
  "free": true,
  "id": "bestb",
  "name": "bestb",
  "settings": [
    {
      "default": false,
      "enabled": true,
      "id": "black_list",
      "label": "@60654",
      "type": "bool",
      "visible": true
    },
    {
      "default": 0,
      "enabled": true,
      "id": "favorites_servers_list",
      "label": "@60655",
      "lvalues": [
        "No",
        "1",
        "2",
        "3",
        "4",
        "5"
      ],
      "type": "list",
      "visible": false
    }
  ],
  "thumbnail": "https://streamup.cc/panel/assets/images/streamup.png"
}
