{
  "active": true,
  "find_videos": {
    "ignore_urls": [],
    "patterns": [
      {
        "pattern": "https://bigwarp.(?:io|cc)/(?:embed-|e/|dl\\?op\\=embed&file_code\\=|)([a-z0-9]+)(?:\\.html|)",
        "url": "https://bigwarp.io/dl?op=embed&file_code=\\1"
      }
    ]
  },
  "free": true,
  "id": "bigwarp",
  "name": "bigwarp",
  "settings": [
    {
      "default": false,
      "enabled": true,
      "id": "black_list",
      "label": "@60654",
      "type": "bool",
      "visible": true
    },
    {
      "default": 0,
      "enabled": true,
      "id": "favorites_servers_list",
      "label": "@60655",
      "lvalues": [
        "No",
        "1",
        "2",
        "3",
        "4",
        "5"
      ],
      "type": "list",
      "visible": false
    }
  ],
  "thumbnail": "https://bigwarp.io/images/logo.png"
}