{
  "active": true,
  "find_videos": {
    "ignore_urls": [],
    "patterns": [
      {
        "pattern": "(https://www.camsoda.com/api/v1/video/vtoken/[A-z0-9-]+)",
        "url": "\\1?username=guest_22596"
      }
    ]
  },
  "free": true,
  "id": "camsoda",
  "name": "camsoda",
  "settings": [
    {
      "default": false,
      "enabled": true,
      "id": "black_list",
      "label": "@60654",
      "type": "bool",
      "visible": true
    },
    {
      "default": 0,
      "enabled": true,
      "id": "favorites_servers_list",
      "label": "@60655",
      "lvalues": [
        "No",
        "1",
        "2",
        "3",
        "4",
        "5"
      ],
      "type": "list",
      "visible": false
    }
  ],
  "thumbnail": "https://cachew.camsoda.com/assets/img/camsoda-logo-160x50.png",
  "force_inputstream": "ffmpegdirect"
}
