{
  "active": false,
  "find_videos": {
    "ignore_urls": [],
    "patterns": [
      {
        "pattern": "clicknupload.(?:me|com|org|co|\\w{2,4})/([a-z0-9]+)",
        "url": "https://clicknupload.co/\\1"
      }
    ]
  },
  "free": true,
  "id": "clicknupload",
  "name": "clicknupload",
  "premium": [
    "realdebrid",
    "alldebrid"
  ],
  "settings": [
    {
      "default": false,
      "enabled": true,
      "id": "black_list",
      "label": "@60654",
      "type": "bool",
      "visible": true
    },
    {
      "default": 0,
      "enabled": true,
      "id": "favorites_servers_list",
      "label": "@60655",
      "lvalues": [
        "No",
        "1",
        "2",
        "3",
        "4",
        "5"
      ],
      "type": "list",
      "visible": false
    }
  ]
}
