{
  "active": true,
  "find_videos": {
    "ignore_urls": [],
    "patterns": [
      {
        "pattern": "(?:clipwatching|highstream).\\w{2,4}/(?:embed-|)([A-z0-9_]+)",
        "url": "https://highstream.tv/embed-\\1.html"
      },
      {
        "pattern": "(?:lamovie).\\w{2,4}/(?:embed-|)([A-z0-9_]+)",
        "url": "https://lamovie.link/embed-\\1.html"
      }
    ]
  },
  "free": true,
  "id": "clipwatching",
  "name": "clipwatching",
  "settings": [
    {
      "default": false,
      "enabled": true,
      "id": "black_list",
      "label": "@60654",
      "type": "bool",
      "visible": true
    },
    {
      "default": 0,
      "enabled": true,
      "id": "favorites_servers_list",
      "label": "@60655",
      "lvalues": [
        "No",
        "1",
        "2",
        "3",
        "4",
        "5"
      ],
      "type": "list",
      "visible": false
    }
  ],
  "thumbnail": "https://i.postimg.cc/L6t6gMWr/clipwatching.png"
}
