{
  "active": true,
  "find_videos": {
    "ignore_urls": [],
    "patterns": [
      {
        "pattern": "https://(?:filemo+n|bf0skv|klcams).(?:sx|to|in|top|nl|lat|\\w{2,4})/(?:e|d)/([a-z0-9]+)",
        "url": "https://filemooon.link/e/\\1"
      },
      {
        "pattern": "https://moonembed.(?:sx|to|in|top|nl|xyz)/(?:e|d)/([a-z0-9]+)",
        "url": "https://filemooon.link/e/\\1"
      },
      {
        "pattern": "https://x08.(?:online||\\w{2,4})/(?:e|d)/([a-z0-9]+)",
        "url": "https://filemooon.link/e/\\1"
      }
    ]
  },
  "free": true,
  "id": "filemoon",
  "name": "filemoon",
  "settings": [
    {
      "default": false,
      "enabled": true,
      "id": "black_list",
      "label": "@60654",
      "type": "bool",
      "visible": true
    },
    {
      "default": 0,
      "enabled": true,
      "id": "favorites_servers_list",
      "label": "@60655",
      "lvalues": [
        "No",
        "1",
        "2",
        "3",
        "4",
        "5"
      ],
      "type": "list",
      "visible": false
    }
  ],
  "thumbnail": "https://i.postimg.cc/NMx8YQ1W/filemoon.png",
  "force_inputstream": "ffmpegdirect"
}