{
  "active": true,
  "find_videos": {
    "ignore_urls": [],
    "patterns": [
      {
        "pattern": "https://((?:kinoger|wasuytm|ultrastream|(?:shiid4u|player)\\.upn|moflix\\.upns|xfuntaxy\\.upns|amg\\.upns|cheemsvids\\.upns|88z)\\.(?:re|one|xyz|store|online|live|io))/#([A-Za-z0-9]+)",
        "url": "https://\\1/api/v1/video?id=\\2"
      }
    ]
  },
  "free": true,
  "id": "kinoger",
  "name": "KinoGer",
  "settings": [
    {
      "default": false,
      "enabled": true,
      "id": "black_list",
      "label": "@60654",
      "type": "bool",
      "visible": true
    },
    {
      "default": 0,
      "enabled": true,
      "id": "favorites_servers_list",
      "label": "@60655",
      "lvalues": [
        "No",
        "1",
        "2",
        "3",
        "4",
        "5"
      ],
      "type": "list",
      "visible": false
    }
  ],
  "thumbnail": "https://kinoger.com/templates/kinoger/images/logo.png"
}
