{
  "active": true,
  "find_videos": {
    "ignore_urls": [],
    "patterns": [
      {
        "pattern": "(?:videoapi|api.video).my.mail.ru/(?:videos|video)/embed/(mail|inbox)/([^/]+)/.*?/(\\d+).html",
        "url": "http://videoapi.my.mail.ru/videos/embed/\\1/\\2/_myvideo/\\3.html"
      },
      {
        "pattern": "my.mail.ru/(?:videos|video)/embed/(?!mail|inbox)([\\w]+)",
        "url": "http://my.mail.ru/+/video/meta/\\1"
      },
      {
        "pattern": "(https://my.mail.ru/mail/bestomanga/video/embed/_myvideo/[\\d]+)",
        "url": "\\1"
      }
    ]
  },
  "free": true,
  "id": "mailru",
  "name": "mailru",
  "settings": [
    {
      "default": false,
      "enabled": true,
      "id": "black_list",
      "label": "@60654",
      "type": "bool",
      "visible": true
    },
    {
      "default": 0,
      "enabled": true,
      "id": "favorites_servers_list",
      "label": "@60655",
      "lvalues": [
        "No",
        "1",
        "2",
        "3",
        "4",
        "5"
      ],
      "type": "list",
      "visible": false
    }
  ],
  "thumbnail": "https://s26.postimg.cc/6ebn509jd/mailru1.png"
}
