{
  "active": true,
  "find_videos": {
    "ignore_urls": [],
    "patterns": [
      {
        "pattern": "(https://player.osjonosu.\\w{2,4}/embed.php\\?id=[0-9]+)",
        "url": "\\1"
      },
      {
        "pattern": "(https://player.osjonosu.\\w{2,4}/video/[A-z0-9-_]+)",
        "url": "\\1"
      }
    ]
  },
  "free": true,
  "id": "osjonosu",
  "name": "osjonosu",
  "settings": [
    {
      "default": false,
      "enabled": true,
      "id": "black_list",
      "label": "@60654",
      "type": "bool",
      "visible": true
    },
    {
      "default": 0,
      "enabled": true,
      "id": "favorites_servers_list",
      "label": "@60655",
      "lvalues": [
        "No",
        "1",
        "2",
        "3",
        "4",
        "5"
      ],
      "type": "list",
      "visible": false
    }
  ],
  "thumbnail": "https://i.imgur.com/0mtPIEI.png",
  "force_inputstream": "adaptive"
}
