{
  "active": true,
  "find_videos": {
    "ignore_urls": [],
    "patterns": [
      {
        "pattern": "https://(?:www.|it.|es.|)pornhub.(?:com|\\w{2,4})/embed/([A-z0-9]+)",
        "url": "https://es.pornhub.com/view_video.php?viewkey=\\1"
      },
      {
        "pattern": "(pornhub.com/video/show\\?viewkey=[A-z0-9]+)",
        "url": "https://es.\\1"
      },
      {
        "pattern": "(pornhub.com/view_video.php\\?viewkey=[A-z0-9]+)",
        "url": "https://es.\\1"
      }
    ]
  },
  "free": true,
  "id": "pornhub",
  "name": "pornhub",
  "settings": [
    {
      "default": false,
      "enabled": true,
      "id": "black_list",
      "label": "@60654",
      "type": "bool",
      "visible": true
    },
    {
      "default": 0,
      "enabled": true,
      "id": "favorites_servers_list",
      "label": "@60655",
      "lvalues": [
        "No",
        "1",
        "2",
        "3",
        "4",
        "5"
      ],
      "type": "list",
      "visible": false
    }
  ],
  "thumbnail": ""
}
