{
  "active": true,
  "find_videos": {
    "ignore_urls": [],
    "patterns": [
      {
        "pattern": "https://savefiles.com/(?:e|d)/([A-z0-9]+)",
        "url": "https://savefiles.com/dl?op=embed&file_code=\\1&auto=0&referer="
      }
    ]
  },
  "free": true,
  "id": "savefiles",
  "name": "savefiles",
  "settings": [
    {
      "default": false,
      "enabled": true,
      "id": "black_list",
      "label": "@60654",
      "type": "bool",
      "visible": true
    },
    {
      "default": 0,
      "enabled": true,
      "id": "favorites_servers_list",
      "label": "@60655",
      "lvalues": [
        "No",
        "1",
        "2",
        "3",
        "4",
        "5"
      ],
      "type": "list",
      "visible": false
    }
  ],
  "thumbnail": "https://i.postimg.cc/Pf8FyZqx/savefiles.png"
}
