{
  "active": true,
  "find_videos": {
    "ignore_urls": [],
    "patterns": [
      {
        "pattern": "(stripchat.com/api/front/v1/broadcasts/[A-z0-9-_]+|\\.\\*\\?)",
        "url": "https://\\1"
      }
    ]
  },
  "free": true,
  "id": "stripchat",
  "name": "stripchat",
  "settings": [
    {
      "default": false,
      "enabled": true,
      "id": "black_list",
      "label": "@60654",
      "type": "bool",
      "visible": true
    },
    {
      "default": 0,
      "enabled": true,
      "id": "favorites_servers_list",
      "label": "@60655",
      "lvalues": [
        "No",
        "1",
        "2",
        "3",
        "4",
        "5"
      ],
      "type": "list",
      "visible": false
    }
  ],
  "thumbnail": "https://i.postimg.cc/zGXSGYnX/stripchat.png",
  "force_inputstream": "ffmpegdirect"
}
