{
  "active": true,
  "find_videos": {
    "ignore_urls": [],
    "patterns": [
      {
        "pattern": "https://supervideo.(?:cc||\\w{2,4})/e/([A-z0-9]+)",
        "url": "https://supervideo.tv/e/\\1"
      }
    ]
  },
  "free": true,
  "id": "supervideo",
  "name": "supervideo",
  "settings": [
    {
      "default": false,
      "enabled": true,
      "id": "black_list",
      "label": "@60654",
      "type": "bool",
      "visible": true
    },
    {
      "default": 0,
      "enabled": true,
      "id": "favorites_servers_list",
      "label": "@60655",
      "lvalues": [
        "No",
        "1",
        "2",
        "3",
        "4",
        "5"
      ],
      "type": "list",
      "visible": false
    }
  ],
  "thumbnail": "https://i.postimg.cc/pXF2HL5s/supervideo.png"
}
