{
  "active": true,
  "find_videos": {
    "ignore_urls": [],
    "patterns": [
      {
        "pattern": "https://tiwi.kiwi/embed-([a-z0-9]+).html",
        "url": "https://tiwi.kiwi/embed-\\1.html"
      },
      {
        "pattern": "(https://videohb.(?:com|net|org|\\w{2,4})/(?:e|d|v)/[a-z0-9]+)",
        "url": "\\1"
      },
      {
        "pattern": "https://media.cm/(?:d/|)([a-z0-9]+)",
        "url": "https://media.cm/\\1"
      },
      {
        "pattern": "https://vidello.net/(?:embed-|)([a-z0-9]+.html)",
        "url": "https://vidello.net/\\1"
      },
      {
        "pattern": "https://pbflux.com/(?:embed-|)([a-z0-9]+.html)",
        "url": "https://pbflux.com/\\1"
      },
      {
        "pattern": "(https://tubexplayer.com/embed-[a-z0-9]+)",
        "url": "\\1.html"
      },
      {
        "pattern": "(https://iplayerhls.com/(?:e/|d/|)[a-z0-9]+)",
        "url": "\\1"
      },
      {
        "pattern": "(https://doodporn.xyz/(?:e|d)/[a-z0-9]+)",
        "url": "\\1"
      }
    ]
  },
  "free": true,
  "id": "tiwikiwi",
  "name": "tiwikiwi",
  "settings": [
    {
      "default": false,
      "enabled": true,
      "id": "black_list",
      "label": "@60654",
      "type": "bool",
      "visible": true
    },
    {
      "default": 0,
      "enabled": true,
      "id": "favorites_servers_list",
      "label": "@60655",
      "lvalues": [
        "No",
        "1",
        "2",
        "3",
        "4",
        "5"
      ],
      "type": "list",
      "visible": false
    }
  ],
  "thumbnail": "https://i.postimg.cc/CxdyWRcN/tiwikiwi.png",
  "force_inputstream": "adaptive"
}