{
  "active": true,
  "find_videos": {
    "ignore_urls": [],
    "patterns": [
      {
        "pattern": "(?:vidguard|vembed|bembed|listeamed|embedv).\\w{2,4}/(?:e|d|v)/([A-z0-9]+)",
        "url": "https://bembed.net/e/\\1"
      },
      {
        "pattern": "((?:bigbuttshub2|bigbuttshub).\\w{2,4}/(?:e|d|v)/[A-z0-9]+)",
        "url": "https://\\1"
      }
    ]
  },
  "free": true,
  "id": "vidguard",
  "name": "vidguard",
  "settings": [
    {
      "default": false,
      "enabled": true,
      "id": "black_list",
      "label": "@60654",
      "type": "bool",
      "visible": true
    },
    {
      "default": 0,
      "enabled": true,
      "id": "favorites_servers_list",
      "label": "@60655",
      "lvalues": [
        "No",
        "1",
        "2",
        "3",
        "4",
        "5"
      ],
      "type": "list",
      "visible": false
    }
  ],
  "thumbnail": "https://vembed.net/assets/img/logo/logo.png",
  "force_inputstream": "adaptive"
}
