{
  "active": true,
  "find_videos": {
    "ignore_urls": [],
    "patterns": [
      {
        "pattern": "(?:reputationsheriffkennethsand|availedsmallest|voe|prefulfilloverdoor|jilliandescribecompany).(?:com|sx)/(?:e/|)([A-z0-9]+)",
        "url": "https://voe.sx/e/\\1"
      }
    ]
  },
  "free": true,
  "id": "voe",
  "name": "voe",
  "settings": [
    {
      "default": false,
      "enabled": true,
      "id": "black_list",
      "label": "@60654",
      "type": "bool",
      "visible": true
    },
    {
      "default": 0,
      "enabled": true,
      "id": "favorites_servers_list",
      "label": "@60655",
      "lvalues": [
        "No",
        "1",
        "2",
        "3",
        "4",
        "5"
      ],
      "type": "list",
      "visible": false
    }
  ],
  "thumbnail": "https://i.postimg.cc/4xzBfwBd/voe.png",
  "force_inputstream": "adaptive"
}
