{
  "active": true,
  "find_videos": {
    "ignore_urls": [],
    "patterns": [
      {
        "pattern": "(https://vsex.in/[A-z0-9-]+.html)",
        "url": "\\1"
      },
      {
        "pattern": "https://vsex.in/index.php\\?newsid\\=([0-9]+)",
        "url": "https://vsex.in/\\1-a.html"
      },
      {
        "pattern": "(https://serakon.com/[A-z0-9-]+.html)",
        "url": "\\1"
      }
    ]
  },
  "free": true,
  "id": "vsexin",
  "name": "vsexin",
  "settings": [
    {
      "default": false,
      "enabled": true,
      "id": "black_list",
      "label": "@60654",
      "type": "bool",
      "visible": true
    },
    {
      "default": 0,
      "enabled": true,
      "id": "favorites_servers_list",
      "label": "@60655",
      "lvalues": [
        "No",
        "1",
        "2",
        "3",
        "4",
        "5"
      ],
      "type": "list",
      "visible": false
    }
  ],
  "thumbnail": "",
  "force_inputstream": "ffmpegdirect"
}
