{
  "active": true,
  "find_videos": {
    "ignore_urls": [],
    "patterns": [
      {
        "pattern": "https://vudeo.(?:ws|\\w{2,4})/(?:embed-|)([a-z0-9]+).html",
        "url": "https://vudeo.ws/embed-\\1.html"
      }
    ]
  },
  "free": true,
  "id": "vudeo",
  "name": "vudeo",
  "settings": [
    {
      "default": false,
      "enabled": true,
      "id": "black_list",
      "label": "@60654",
      "type": "bool",
      "visible": true
    },
    {
      "default": 0,
      "enabled": true,
      "id": "favorites_servers_list",
      "label": "@60655",
      "lvalues": [
        "No",
        "1",
        "2",
        "3",
        "4",
        "5"
      ],
      "type": "list",
      "visible": false
    }
  ],
  "thumbnail": "https://vudeo.ws/images/logo.png"
}
