{
  "active": true,
  "find_videos": {
    "ignore_urls": [],
    "patterns": [
      {
        "pattern": "(https://videos.porndig.com/player/index/[0-9]+/[0-9]+/[0-9]+)",
        "url": "\\1"
      }
    ]
  },
  "free": true,
  "id": "porndig",
  "name": "porndig",
  "settings": [
    {
      "default": false,
      "enabled": true,
      "id": "black_list",
      "label": "@60654",
      "type": "bool",
      "visible": true
    },
    {
      "default": 0,
      "enabled": true,
      "id": "favorites_servers_list",
      "label": "@60655",
      "lvalues": [
        "No",
        "1",
        "2",
        "3",
        "4",
        "5"
      ],
      "type": "list",
      "visible": false
    }
  ],
  "thumbnail": "https://assets.porndig.com/assets/porndig/img/logo_dark/logo_desktop_1.png"
}
